{"Windsurf.exe": {"bytes_sent": 1131330.5936527022, "bytes_recv": 3195628.403454208}, "language_server_windows_x64.exe": {"bytes_sent": 1805361.2719912257, "bytes_recv": 4340599.636117588}, "AvastSvc.exe": {"bytes_sent": 437537.1676155688, "bytes_recv": 1677431.4711845592}, "chrome.exe": {"bytes_sent": 781761.175831351, "bytes_recv": 3170960.3244398087}, "SearchApp.exe": {"bytes_sent": 1134643.0880985407, "bytes_recv": 5449750.190493754}, "svchost.exe": {"bytes_sent": 365930.4751711694, "bytes_recv": 1723388.2908814086}, "Microsoft.SharePoint.exe": {"bytes_sent": 218555.70399228059, "bytes_recv": 838642.91007935}, "OneDrive.exe": {"bytes_sent": 369522.8701056311, "bytes_recv": 1696627.9139696439}, "Photos.exe": {"bytes_sent": 82.03309529589413, "bytes_recv": 505.11953224055065}, "MpDefenderCoreService.exe": {"bytes_sent": 27795.256398027042, "bytes_recv": 207964.62490313782}, "firefox.exe": {"bytes_sent": 686521.89554592, "bytes_recv": 7920717.8613204025}, "smartscreen.exe": {"bytes_sent": 103318.58832153435, "bytes_recv": 495240.0696684532}, "steam.exe": {"bytes_sent": 335518.11566691333, "bytes_recv": 4538919.91823961}, "steamwebhelper.exe": {"bytes_sent": 387855.3366737611, "bytes_recv": 3336751.331845833}, "pingsender.exe": {"bytes_sent": 2223.991856414963, "bytes_recv": 1004.4890053561494}, "backgroundTaskHost.exe": {"bytes_sent": 3136.3549203002713, "bytes_recv": 22416.039135419313}, "WindowsPackageManagerServer.exe": {"bytes_sent": 45.818269003774, "bytes_recv": 223.39373643808977}, "msedge.exe": {"bytes_sent": 3479.8008621386434, "bytes_recv": 45653.55126619148}, "AvastUI.exe": {"bytes_sent": 3479.8008621386434, "bytes_recv": 45653.55126619148}, "updater.exe": {"bytes_sent": 0.0, "bytes_recv": 8.731459540624398}, "EXCEL.EXE": {"bytes_sent": 73899.53218310678, "bytes_recv": 159051.9066916001}, "WINWORD.EXE": {"bytes_sent": 9413.91009529866, "bytes_recv": 41425.34231724604}}